<?xml version="1.0" encoding="UTF-8"?>
<!DOCTYPE suite SYSTEM "https://testng.org/testng-1.0.dtd">
<suite name="Suite">
  <test thread-count="5" name="Test">
    <classes>
      <class name="reading_Data_From_Excel.ProductFilterTest"/>
      <class name="reading_Data_From_Excel.CartOperationTest"/>
      <class name="reading_Data_From_Excel.LoginTest"/>
      <class name="reading_Data_From_Excel.CheckoutTest"/>
      <class name="reading_Data_From_Excel.BaseTest"/>
    </classes>
  </test> <!-- Test -->
</suite> <!-- Suite -->
